INSERT INTO movie (movieID, primaryTitle, originalTitle, category, ReleaseDate, runtime, averageRating, Where_to_Watch, Revenue, Region, movie_language) VALUES
	('mv1', 'The Shawshank Redemption', 'The Shawshank Redemption', 'Rated R ', '1994-10-14', '142', '9.3', 'Netflix', '28000000', 'USA', 'English'),
	('mv2', 'La La Land', 'La La Land', 'Rated PG-13 ', '2016-12-25', '128', '8', 'Amazon Prime', '44600000', 'USA', 'English'),
	('mv3', 'Parasite', 'Gisaengchung', 'Rated R ', '2019-05-30', '132', '8.6', 'Hulu', '266000000', 'South Korea', 'Korean'),
	('mv4', 'Crouching Tiger, Hidden Dragon', 'Wo hu cang long', 'Rated PG-13 ', '2000-01-12', '120', '7.8', 'Netflix', '213500000', 'China', 'Mandarin'),
	('mv5', 'Life is Beautiful', 'La vita è bella', 'Rated PG-13 ', '1998-12-23', '116', '8.6', 'Netflix', '48500000', 'Italy', 'Italian'),
	('mv6', 'Pan''s Labyrinth', 'El laberinto del fauno', 'Rated R ', '2006-10-11', '118', '8.2', 'Hulu', '83600000', 'Spain', 'Spanish'),
	('mv7', 'City of God', 'Cidade de Deus', 'Rated R ', '2002-02-13', '130', '8.6', 'Netflix', '30500000', 'Brazil', 'Portuguese'),
	('mv8', 'Spirited Away', 'Sen to Chihiro no kamikakushi', 'Rated PG ', '2001-07-20', '125', '8.6', 'HBO Max', '374000000', 'Japan', 'Japanese'),
	('mv9', 'Amélie', 'Le fabuleux destin d''Amélie Poulain', 'Rated R ', '2001-04-25', '122', '8.3', 'Netflix', '17300000', 'France', 'French'),
	('mv10', 'Inception', 'Inception', 'Rated PG-13 ', '2010-07-16', '148', '8.8', 'Netflix', '829000000', 'USA', 'English'),
	('mv11', 'Oldboy', 'Oldeuboi', 'Rated R ', '2003-11-21', '120', '8.4', 'Hulu', '15800000', 'South Korea', 'Korean'),
	('mv12', 'The Lives of Others', 'Das Leben der Anderen', 'Rated R ', '2006-03-23', '137', '8.4', 'Netflix', '77200000', 'Germany', 'German'),
	('mv13', 'The Intouchables', 'Intouchables', 'Rated R ', '2011-11-02', '112', '8.5', 'Amazon Prime', '426000000', 'France', 'French'),
	('mv14', 'City Lights', 'City Lights', NULL, '1931-03-07', '87', '8.5', 'Amazon Prime', '1910000', 'USA', 'English'),
	('mv15', 'Rashomon', 'Rashômon', NULL, '1951-08-25', '88', '8.2', 'HBO Max', '309000', 'Japan', 'Japanese');

INSERT INTO movie_genre (movieID, Genre) VALUES
	('mv1', 'Drama'),
	('mv1', 'Crime'),
	('mv2', 'Musical'),
	('mv2', 'Romance'),
	('mv2', 'Drama'),
	('mv3', 'Thriller'),
	('mv3', 'Drama'),
	('mv3', 'Comedy'),
	('mv4', 'Action'),
	('mv4', 'Drama'),
	('mv4', 'Fantasy'),
	('mv5', 'Comedy'),
	('mv5', 'Drama'),
	('mv5', 'War'),
	('mv6', 'Fantasy'),
	('mv6', 'Drama'),
	('mv6', 'War'),
	('mv7', 'Crime'),
	('mv7', 'Drama'),
	('mv8', 'Animation'),
	('mv8', 'Fantasy'),
	('mv8', 'Adventure'),
	('mv9', 'Romance'),
	('mv9', 'Comedy'),
	('mv9', 'Drama'),
	('mv10', 'Sci-Fi'),
	('mv10', 'Action'),
	('mv10', 'Thriller'),
	('mv11', 'Mystery'),
	('mv11', 'Thriller'),
	('mv11', 'Drama'),
	('mv12', 'Drama'),
	('mv12', 'Thriller'),
	('mv13', 'Comedy'),
	('mv13', 'Drama'),
	('mv13', 'Biography'),
	('mv14', 'Comedy'),
	('mv14', 'Drama'),
	('mv14', 'Romance'),
	('mv15', 'Crime'),
	('mv15', 'Drama'),
	('mv15', 'Mystery');

INSERT INTO series (seriesID, primaryTitle, originalTitle, category, startDate, averageRating, no_of_seasons, series_language, Where_to_Watch) VALUES
	('sr1', 'Breaking Bad', 'Breaking Bad', 'TV-MA ', '2008-01-20', '9.5', '5', 'English', 'Netflix'),
	('sr2', 'La Casa de Papel', 'La Casa de Papel', 'TV-MA ', '2017-05-02', '8.4', '5', 'Spanish', 'Netflix'),
	('sr3', 'Dark', 'Dark', 'TV-MA ', '2017-12-01', '8.8', '3', 'German', 'Netflix'),
	('sr4', 'Stranger Things', 'Stranger Things', 'TV-14 ', '2016-07-15', '8.7', '4', 'English', 'Netflix'),
	('sr5', 'Money Heist', 'La Casa de Papel', 'TV-MA ', '2017-05-02', '8.4', '5', 'Spanish', 'Netflix'),
	('sr6', 'Friends', 'Friends', 'TV-14 ', '1994-09-22', '8.9', '10', 'English', 'HBO Max'),
	('sr7', 'The Crown', 'The Crown', 'TV-MA ', '2016-11-04', '8.7', '4', 'English', 'Netflix'),
	('sr8', 'Narcos', 'Narcos', 'TV-MA ', '2015-08-28', '8.8', '3', 'Spanish', 'Netflix'),
	('sr9', 'The Office', 'The Office', 'TV-14 ', '2005-03-24', '8.9', '9', 'English', 'Netflix'),
	('sr10', 'Бригада', 'Бригада', NULL, '2002-10-21', '8.5', '2', 'Russian', 'Amazon Prime'),
	('sr11', 'Sherlock', 'Sherlock', 'TV-14 ', '2010-07-25', '9.1', '4', 'English', 'Netflix'),
	('sr12', 'Метод', 'Метод', NULL, '2015-10-18', '7.6', '2', 'Russian', 'Netflix');

INSERT INTO series_genre (seriesID, Genre) VALUES
	('sr1', 'Drama'),
	('sr1', 'Thriller'),
	('sr1', 'Crime'),
	('sr2', 'Drama'),
	('sr2', 'Action'),
	('sr2', 'Thriller'),
	('sr3', 'Drama'),
	('sr3', 'Sci-Fi'),
	('sr3', 'Thriller'),
	('sr4', 'Drama'),
	('sr4', 'Horror'),
	('sr4', 'Sci-Fi'),
	('sr5', 'Drama'),
	('sr5', 'Action'),
	('sr5', 'Crime'),
	('sr6', 'Comedy'),
	('sr6', 'Romance'),
	('sr7', 'Drama'),
	('sr7', 'History'),
	('sr7', 'Biography'),
	('sr8', 'Drama'),
	('sr8', 'Crime'),
	('sr9', 'Comedy'),
	('sr9', 'Drama'),
	('sr10', 'Crime'),
	('sr10', 'Drama'),
	('sr11', 'Crime'),
	('sr11', 'Drama'),
	('sr11', 'Mystery'),
	('sr12', 'Crime'),
	('sr12', 'Drama');

INSERT INTO episode (episodeID, seriesID, seasonNumber, episodeNumber, primaryTitle, originalTitle, ReleaseDate, averageRating) VALUES
	('ep1', 'sr1', '5', '14', 'Ozymandias', 'Ozymandias', '2013-09-15', '9.9'),
	('ep2', 'sr1', '5', '16', 'Felina', 'Felina', '2013-09-29', '9.7'),
	('ep3', 'sr1', '4', '13', 'Face Off', 'Face Off', '2011-10-09', '9.7'),
	('ep4', 'sr1', '4', '11', 'Crawl Space', 'Crawl Space', '2011-09-25', '9.8'),
	('ep5', 'sr1', '3', '12', 'Half Measures', 'Half Measures', '2010-06-06', '9.6'),
	('ep1', 'sr2', '1', '13', 'Bella Ciao', 'Bella Ciao', '2017-11-23', '8.9'),
	('ep2', 'sr2', '2', '6', 'Astray', 'Astray', '2019-07-19', '9'),
	('ep3', 'sr2', '3', '8', 'The Red Boxes', 'The Red Boxes', '2019-07-19', '9.1'),
	('ep4', 'sr2', '4', '8', 'Game Over', 'Game Over', '2020-04-03', '8.8'),
	('ep5', 'sr2', '5', '5', 'Strike the Tent', 'Strike the Tent', '2021-09-03', '8.9'),
	('ep1', 'sr3', '3', '8', 'Alpha and Omega', 'Alpha and Omega', '2020-06-27', '9.2'),
	('ep2', 'sr3', '2', '8', 'The Paradise', 'The Paradise', '2019-06-21', '9'),
	('ep3', 'sr3', '1', '10', 'Endings and Beginnings', 'Endings and Beginnings', '2017-12-01', '9.1'),
	('ep4', 'sr3', '1', '5', 'An Endless Cycle', 'An Endless Cycle', '2017-12-01', '9'),
	('ep5', 'sr3', '3', '4', 'Crossroads', 'Crossroads', '2020-06-27', '9.3'),
	('ep1', 'sr4', '3', '8', 'The Battle of Starcourt', 'The Battle of Starcourt', '2019-07-04', '9.2'),
	('ep2', 'sr4', '2', '8', 'The Mind Flayer', 'The Mind Flayer', '2017-10-27', '9'),
	('ep3', 'sr4', '1', '1', 'The Vanishing of Will Byers', 'The Vanishing of Will Byers', '2016-07-15', '8.9'),
	('ep4', 'sr4', '1', '4', 'The Body', 'The Body', '2016-07-15', '9'),
	('ep5', 'sr4', '2', '6', 'The Spy', 'The Spy', '2017-10-27', '9.1'),
	('ep1', 'sr5', '1', '13', 'Bella Ciao', 'Bella Ciao', '2017-11-23', '8.9'),
	('ep2', 'sr5', '2', '6', 'Astray', 'Astray', '2019-07-19', '9'),
	('ep3', 'sr5', '3', '8', 'The Red Boxes', 'The Red Boxes', '2019-07-19', '9.1'),
	('ep4', 'sr5', '4', '8', 'Game Over', 'Game Over', '2020-04-03', '8.8'),
	('ep5', 'sr5', '5', '5', 'Strike the Tent', 'Strike the Tent', '2021-09-03', '8.9'),
	('ep1', 'sr6', '10', '17', 'The Last One', 'The Last One', '2004-05-06', '9.7'),
	('ep2', 'sr6', '2', '14', 'The One with the Prom Video', 'The One with the Prom Video', '1996-02-01', '9.5'),
	('ep3', 'sr6', '4', '23', 'The One with Ross''s Wedding', 'The One with Ross''s Wedding', '1998-05-07', '9.6'),
	('ep4', 'sr6', '5', '14', 'The One Where Everybody Finds Out', 'The One Where Everybody Finds Out', '1999-02-11', '9.4'),
	('ep5', 'sr6', '6', '9', 'The One Where Ross Got High', 'The One Where Ross Got High', '1999-11-25', '9.3'),
	('ep1', 'sr7', '2', '8', 'Dear Mrs. Kennedy', 'Dear Mrs. Kennedy', '2017-12-08', '9'),
	('ep2', 'sr7', '3', '7', 'Moondust', 'Moondust', '2019-11-17', '9.2'),
	('ep3', 'sr7', '4', '3', 'Olding', 'Olding', '2020-11-15', '9.1'),
	('ep4', 'sr7', '4', '9', 'Fairytale', 'Fairytale', '2020-11-15', '9.3'),
	('ep5', 'sr7', '2', '7', 'War', 'War', '2017-12-08', '9'),
	('ep1', 'sr8', '1', '10', 'Despegue', 'Despegue', '2015-08-28', '9.1'),
	('ep2', 'sr8', '1', '9', 'Free at Last', 'Free at Last', '2015-08-28', '9'),
	('ep3', 'sr8', '1', '6', 'Explosivos', 'Explosivos', '2015-08-28', '9.2'),
	('ep4', 'sr8', '2', '3', 'The Good,The Bad and The Dead', 'The Good,The Bad and The Dead', '2016-09-02', '9'),
	('ep5', 'sr8', '3', '1', 'La Gran Mentira', 'La Gran Mentira', '2017-09-01', '9.3'),
	('ep1', 'sr9', '7', '22', 'Goodbye,Michael', 'Goodbye,Michael', '2011-04-28', '9.5'),
	('ep2', 'sr9', '4', '9', 'Dinner Party', 'Dinner Party', '2008-04-10', '9.4'),
	('ep3', 'sr9', '5', '14', 'Stress Relief', 'Stress Relief', '2009-02-01', '9.6'),
	('ep4', 'sr9', '6', '4', 'Niagara', 'Niagara', '2009-10-08', '9.3'),
	('ep5', 'sr9', '2', '1', 'The Dundies', 'The Dundies', '2005-09-20', '9.2'),
	('ep1', 'sr10', '1', '1', 'Episode 1', 'Episode 1', '2002-10-06', '9'),
	('ep2', 'sr10', '1', '2', 'Episode 2', 'Episode 2', '2002-10-13', '8.8'),
	('ep3', 'sr10', '1', '3', 'Episode 3', 'Episode 3', '2002-10-20', '9.1'),
	('ep4', 'sr10', '1', '4', 'Episode 4', 'Episode 4', '2002-10-27', '9.2'),
	('ep5', 'sr10', '1', '5', 'Episode 5', 'Episode 5', '2002-11-03', '9.3'),
	('ep1', 'sr11', '2', '3', 'The Reichenbach Fall', 'The Reichenbach Fall', '2012-01-15', '9.7'),
	('ep2', 'sr11', '1', '3', 'The Great Game', 'The Great Game', '2010-08-08', '9.5'),
	('ep3', 'sr11', '2', '1', 'A Scandal in Belgravia', 'A Scandal in Belgravia', '2012-01-01', '9.6'),
	('ep4', 'sr11', '3', '2', 'The Sign of Three', 'The Sign of Three', '2014-01-05', '9.3'),
	('ep5', 'sr11', '3', '1', 'The Empty Hearse', 'The Empty Hearse', '2014-01-01', '9.4'),
	('ep1', 'sr12', '1', '1', 'Sacrifice', 'Sacrifice', '2015-11-18', '9'),
	('ep2', 'sr12', '1', '4', 'Coma', 'Coma', '2015-12-09', '9.2'),
	('ep3', 'sr12', '1', '8', 'Code', 'Code', '2015-12-30', '9.1'),
	('ep4', 'sr12', '1', '12', 'Cruise', 'Cruise', '2016-01-20', '9.3'),
	('ep5', 'sr12', '1', '16', 'Breakdown', 'Breakdown', '2016-02-10', '9.4');

INSERT INTO actor (actorID, primaryName, birthYear, deathYear, gender) VALUES
	('actor1', 'Morgan Freeman', '1937', NULL, 'Male'),
	('actor2', 'Tim Robbins', '1958', NULL, 'Male'),
	('actor3', 'Ryan Gosling', '1980', NULL, 'Male'),
	('actor4', 'Emma Stone', '1988', NULL, 'Female'),
	('actor5', 'Kang-ho Song', '1967', NULL, 'Male'),
	('actor6', 'Sun-kyun Lee', '1975', NULL, 'Male'),
	('actor7', 'Yun-Fat Chow', '1955', NULL, 'Male'),
	('actor8', 'Michelle Yeoh', '1962', NULL, 'Female'),
	('actor9', 'Roberto Benigni', '1952', NULL, 'Male'),
	('actor10', 'Nicoletta Braschi', '1960', NULL, 'Female'),
	('actor11', 'Ivana Baquero', '1994', NULL, 'Female'),
	('actor12', 'Sergi López', '1965', NULL, 'Male'),
	('actor13', 'Alexandre Rodrigues', '1983', NULL, 'Male'),
	('actor14', 'Leandro Firmino', '1978', NULL, 'Male'),
	('actor15', 'Rumi Hiiragi', '1987', NULL, 'Female'),
	('actor16', 'Miyu Irino', '1988', NULL, 'Male'),
	('actor17', 'Audrey Tautou', '1976', NULL, 'Female'),
	('actor18', 'Mathieu Kassovitz', '1967', NULL, 'Male'),
	('actor19', 'Leonardo DiCaprio', '1974', NULL, 'Male'),
	('actor20', 'Joseph Gordon-Levitt', '1981', NULL, 'Male'),
	('actor21', 'Min-sik Choi', '1962', NULL, 'Male'),
	('actor22', 'Ji-tae Yu', '1976', NULL, 'Male'),
	('actor23', 'Ulrich Mühe', '1953', '2007', 'Male'),
	('actor24', 'Martina Gedeck', '1961', NULL, 'Female'),
	('actor25', 'François Cluzet', '1955', NULL, 'Male'),
	('actor26', 'Omar Sy', '1978', NULL, 'Male'),
	('actor27', 'Charlie Chaplin', '1889', '1977', 'Male'),
	('actor28', 'Virginia Cherrill', '1908', '1996', 'Female'),
	('actor29', 'Toshirô Mifune', '1920', '1997', 'Male'),
	('actor30', 'Machiko Kyô', '1924', NULL, 'Female'),
	('actor31', 'Bryan Cranston', '1956', NULL, 'Male'),
	('actor32', 'Aaron Paul', '1979', NULL, 'Male'),
	('actor33', 'Úrsula Corberó', '1989', NULL, 'Female'),
	('actor34', 'Álvaro Morte', '1975', NULL, 'Male'),
	('actor35', 'Louis Hofmann', '1997', NULL, 'Male'),
	('actor36', 'Lisa Vicari', '1997', NULL, 'Female'),
	('actor37', 'Millie Bobby Brown', '2004', NULL, 'Female'),
	('actor38', 'Finn Wolfhard', '2002', NULL, 'Male'),
	('actor39', 'Jennifer Aniston', '1969', NULL, 'Female'),
	('actor40', 'Courteney Cox', '1964', NULL, 'Female'),
	('actor41', 'Claire Foy', '1984', NULL, 'Female'),
	('actor42', 'Olivia Colman', '1974', NULL, 'Female'),
	('actor43', 'Wagner Moura', '1976', NULL, 'Male'),
	('actor44', 'Pedro Pascal', '1975', NULL, 'Male'),
	('actor45', 'Steve Carell', '1962', NULL, 'Male'),
	('actor46', 'Rainn Wilson', '1966', NULL, 'Male'),
	('actor47', 'Sergey Bezrukov', '1973', NULL, 'Male'),
	('actor48', 'Dmitri Dyuzhev', '1978', NULL, 'Male'),
	('actor49', 'Benedict Cumberbatch', '1976', NULL, 'Male'),
	('actor50', 'Martin Freeman', '1971', NULL, 'Male'),
	('actor51', 'Konstantin Khabenskiy', '1972', NULL, 'Male'),
	('actor52', 'Paulina Andreeva', '1988', NULL, 'Female');

INSERT INTO movie_actor_relation (actorID, movieID, characterPlayed) VALUES
	('actor1', 'mv1', 'Ellis Boyd''Red'' Redding'),
	('actor2', 'mv1', 'Andy Dufresne'),
	('actor3', 'mv2', 'Sebastian Wilder'),
	('actor4', 'mv2', 'Mia Dolan'),
	('actor5', 'mv3', 'Kim Ki-taek'),
	('actor6', 'mv3', 'Lee Dong-ik'),
	('actor7', 'mv4', 'Li Mu Bai'),
	('actor8', 'mv4', 'Yu Shu Lien'),
	('actor9', 'mv5', 'Guido Orefice'),
	('actor10', 'mv5', 'Dora'),
	('actor11', 'mv6', 'Ofelia'),
	('actor12', 'mv6', 'Captain Vidal'),
	('actor13', 'mv7', 'Rocket'),
	('actor14', 'mv7', 'Zé Pequeno'),
	('actor15', 'mv8', 'Chihiro Ogino'),
	('actor16', 'mv8', 'Haku'),
	('actor17', 'mv9', 'Amélie Poulain'),
	('actor18', 'mv9', 'Nino Quincampoix'),
	('actor19', 'mv10', 'Dom Cobb'),
	('actor20', 'mv10', 'Arthur'),
	('actor21', 'mv11', 'Oh Dae-su'),
	('actor22', 'mv11', 'Lee Woo-jin'),
	('actor23', 'mv12', 'Gerd Wiesler'),
	('actor24', 'mv12', 'Christa-Maria Sieland'),
	('actor25', 'mv13', 'Philippe'),
	('actor26', 'mv13', 'Driss'),
	('actor27', 'mv14', 'A Tramp'),
	('actor28', 'mv14', 'A Blind Girl'),
	('actor29', 'mv15', 'Tajōmaru'),
	('actor30', 'mv15', 'Masako Kanazawa');

INSERT INTO series_actor_relation (actorID, seriesID, characterPlayed) VALUES
	('actor31', 'sr1', 'Walter White'),
	('actor32', 'sr1', 'Jesse Pinkman'),
	('actor33', 'sr2', 'Tokyo'),
	('actor34', 'sr2', 'The Professor'),
	('actor35', 'sr3', 'Jonas Kahnwald'),
	('actor36', 'sr3', 'Martha Nielsen'),
	('actor37', 'sr4', 'Eleven'),
	('actor38', 'sr4', 'Mike Wheeler'),
	('actor33', 'sr5', 'Tokyo'),
	('actor34', 'sr5', 'The Professor'),
	('actor39', 'sr6', 'Rachel Green'),
	('actor40', 'sr6', 'Monica Geller'),
	('actor41', 'sr7', 'Queen Elizabeth II'),
	('actor42', 'sr7', 'Queen Elizabeth II'),
	('actor43', 'sr8', 'Pablo Escobar'),
	('actor44', 'sr8', 'Javier Peña'),
	('actor45', 'sr9', 'Michael Scott'),
	('actor46', 'sr9', 'Dwight Schrute'),
	('actor47', 'sr10', 'Sergey Bezrukov'),
	('actor48', 'sr10', 'Dmitri Dyuzhev'),
	('actor49', 'sr11', 'Sherlock Holmes'),
	('actor50', 'sr11', 'Dr. John Watson'),
	('actor51', 'sr12', 'Rodion Meglin'),
	('actor52', 'sr12', 'Nadezhda');	

INSERT INTO actor_known_for_titles (actorID, knownForTitles) VALUES
	('actor1', 'The Shawshank Redemption'),
	('actor1', 'Pulp Fiction'),
	('actor1', 'Million Dollar Baby'),
	('actor1', 'Invictus'),
	('actor1', 'Batman Begins'),
	('actor2', 'The Shawshank Redemption'),
	('actor2', 'The Player'),
	('actor2', 'Mystic River'),
	('actor2', 'Anchorman'),
	('actor3', 'La La Land'),
	('actor3', 'Blue Valentine'),
	('actor3', 'Half Nelson'),
	('actor3', 'Lars and the Real Girl'),
	('actor4', 'La La Land'),
	('actor4', 'The Help'),
	('actor4', 'Birdman'),
	('actor4', 'Easy A'),
	('actor5', 'Parasite'),
	('actor5', 'Memories of Murder'),
	('actor5', 'Snowpiercer'),
	('actor5', 'The Host'),
	('actor6', 'Parasite'),
	('actor6', 'The Good, the Bad, the Weird '),
	('actor6', 'Paju'),
	('actor6', 'The Day He Arrives'),
	('actor7', 'Crouching Tiger,Hidden Dragon'),
	('actor7', 'A Better Tomorrow'),
	('actor7', 'Hard Boiled'),
	('actor7', 'Curse of the Golden Flower'),
	('actor8', 'Crouching Tiger,Hidden Dragon'),
	('actor8', 'Tomorrow Never Dies'),
	('actor8', 'Memoirs of a Geisha'),
	('actor8', 'Crazy Rich Asians'),
	('actor9', 'Life is Beautiful'),
	('actor9', 'Down by Law'),
	('actor9', 'Pinocchio'),
	('actor9', 'The Tiger and the Snow'),
	('actor10', 'Life is Beautiful'),
	('actor10', 'Down by Law'),
	('actor10', 'The Wonders'),
	('actor10', 'Johnny Stecchino'),
	('actor11', 'Pan''s Labyrinth'),
	('actor11', 'The New Daughter'),
	('actor11', 'The Anarchist''s Wife'),
	('actor11', 'The Misfits Club'),
	('actor12', 'Pan''s Labyrinth'),
	('actor12', 'Dirty Pretty Things'),
	('actor12', 'With a Friend Like Harry...'),
	('actor12', 'Monsieur Hire'),
	('actor13', 'City of God'),
	('actor13', 'Lower City'),
	('actor13', 'Time of Fear'),
	('actor13', 'Riocorrente'),
	('actor14', 'City of God'),
	('actor14', 'The Middle of the World'),
	('actor14', 'Black Orpheus'),
	('actor14', 'Tropa de Elite'),
	('actor15', 'Spirited Away'),
	('actor15', 'The Cat Returns'),
	('actor15', 'Ponyo'),
	('actor15', 'Tales from Earthsea'),
	('actor16', 'Spirited Away'),
	('actor16', 'The Secret World of Arrietty'),
	('actor16', 'The Wind'),
	('actor17', 'Amélie'),
	('actor17', 'The Da Vinci Code'),
	('actor17', 'A Very Long Engagement'),
	('actor17', 'Coco Before Chanel'),
	('actor18', 'Amélie'),
	('actor18', 'La Haine'),
	('actor18', 'Munich'),
	('actor18', 'A Self Made Hero'),
	('actor19', 'Inception'),
	('actor19', 'Titanic'),
	('actor19', 'The Revenant'),
	('actor19', 'The Wolf of Wall Street'),
	('actor20', 'Inception'),
	('actor20', '500 Days of Summer'),
	('actor20', 'Looper'),
	('actor20', 'The Dark Knight Rises'),
	('actor21', 'Oldboy'),
	('actor21', 'I Saw the Devil'),
	('actor21', 'The Admiral: Roaring Currents'),
	('actor21', 'Lucy'),
	('actor22', 'Oldboy'),
	('actor22', 'Natural City'),
	('actor22', 'Ditto'),
	('actor22', 'The Swindlers'),
	('actor23', 'The Lives of Others'),
	('actor23', 'Funny Games'),
	('actor23', 'North Face'),
	('actor23', 'The Assistant'),
	('actor24', 'The Lives of Others'),
	('actor24', 'The Baader Meinhof Complex'),
	('actor24', 'Mostly Martha'),
	('actor24', 'The Wall'),
	('actor25', 'The Intouchables'),
	('actor25', 'Tell No One'),
	('actor25', 'The Country Doctor'),
	('actor25', 'The Man Who Knew Too Much'),
	('actor26', 'The Intouchables'),
	('actor26', 'Jurassic World'),
	('actor26', 'X-Men: Days of Future Past'),
	('actor26', 'Inferno'),
	('actor27', 'City Lights'),
	('actor27', 'Modern Times'),
	('actor27', 'The Great Dictator'),
	('actor27', 'The Kid'),
	('actor28', 'City Lights'),
	('actor28', 'Woman of Paris'),
	('actor28', 'Temptress Moon'),
	('actor28', 'Sunnyside'),
	('actor29', 'Seven Samurai'),
	('actor29', 'Rashomon'),
	('actor29', 'Yojimbo'),
	('actor29', 'Throne of Blood'),
	('actor30', 'Rashomon'),
	('actor30', 'Ugetsu'),
	('actor30', 'Gate of Hell'),
	('actor30', 'Street of Shame'),
	('actor31', 'Breaking Bad'),
	('actor31', 'Argo'),
	('actor31', 'Trumbo'),
	('actor31', 'The Infiltrator'),
	('actor32', 'Breaking Bad'),
	('actor32', 'El Camino: A Breaking Bad Movie'),
	('actor32', 'Need for Speed'),
	('actor32', 'The Path'),
	('actor33', 'Money Heist (La Casa de Papel)'),
	('actor33', 'Snake Eyes'),
	('actor33', 'Perdiendo el Norte'),
	('actor33', 'Who Would You Take to a Deserted Island?'),
	('actor34', 'Money Heist (La Casa de Papel)'),
	('actor34', 'Mirage'),
	('actor34', 'The Head'),
	('actor34', 'Durante la tormenta'),
	('actor35', 'Dark'),
	('actor35', 'Center of My World'),
	('actor35', 'Land of Mine'),
	('actor35', 'Sanctuary'),
	('actor36', 'Dark'),
	('actor36', 'Luna'),
	('actor36', 'Playing Doctor'),
	('actor36', 'Hell'),
	('actor37', 'Stranger Things'),
	('actor37', 'Godzilla: King of the Monsters'),
	('actor37', 'Enola Holmes'),
	('actor37', 'Godzilla vs. Kong'),
	('actor38', 'Stranger Things'),
	('actor38', 'It'),
	('actor38', 'The Goldfinch'),
	('actor38', 'Dog Days'),
	('actor39', 'Friends'),
	('actor39', 'The Morning Show'),
	('actor39', 'Marley & Me'),
	('actor39', 'The Break-Up'),
	('actor40', 'Friends'),
	('actor40', 'Cougar Town'),
	('actor40', 'Scream'),
	('actor40', 'Ace Ventura: Pet Detective'),
	('actor41', 'The Crown'),
	('actor41', 'First Man'),
	('actor41', 'The Girl in the Spider''s Web'),
	('actor41', 'Breathe'),
	('actor42', 'The Crown'),
	('actor42', 'The Favourite'),
	('actor42', 'The Night Manager'),
	('actor42', 'Broadchurch'),
	('actor43', 'Narcos'),
	('actor43', 'Elite Squad'),
	('actor43', 'Elysium'),
	('actor43', 'Marighella'),
	('actor44', 'Narcos'),
	('actor44', 'The Mandalorian'),
	('actor44', 'Game of Thrones'),
	('actor44', 'Wonder Woman 1984'),
	('actor45', 'The Office'),
	('actor45', 'The Big Short'),
	('actor45', 'Foxcatcher'),
	('actor45', 'Crazy, Stupid, Love'),
	('actor46', 'The Office'),
	('actor46', 'Super'),
	('actor46', 'The Meg'),
	('actor46', 'Juno'),
	('actor47', 'The Idiot'),
	('actor47', 'The Inhabited Island'),
	('actor47', 'Brest Fortress'),
	('actor47', 'Brigada'),
	('actor48', 'Brigada'),
	('actor48', 'Brother'),
	('actor48', '12'),
	('actor48', 'The Geographer Drank His Globe Away'),
	('actor49', 'Sherlock'),
	('actor49', 'Doctor Strange'),
	('actor49', 'The Imitation Game'),
	('actor49', '12 Years a Slave'),
	('actor50', 'Sherlock'),
	('actor50', 'The Hobbit'),
	('actor50', 'Fargo'),
	('actor50', 'The Office'),
	('actor51', 'Night Watch'),
	('actor51', 'Day Watch'),
	('actor51', 'Admiral'),
	('actor51', 'Tinker Tailor Soldier Spy'),
	('actor52', 'The Method'),
	('actor52', 'Londongrad'),
	('actor52', 'The Queen of Spades'),
	('actor52', 'Fartsa');

INSERT INTO director (directorID, primaryName, birthYear, deathYear) VALUES
	('dir1', 'Frank Darabont', '1959', NULL),
	('dir2', 'Damien Chazelle', '1985', NULL),
	('dir3', 'Bong Joon-ho', '1969', NULL),
	('dir4', 'Ang Lee', '1954', NULL),
	('dir5', 'Roberto Benigni', '1952', NULL),
	('dir6', 'Guillermo del Toro', '1964', NULL),
	('dir7', 'Fernando Meirelles', '1955', NULL),
	('dir8', 'Hayao Miyazaki', '1941', NULL),
	('dir9', 'Jean-Pierre Jeunet', '1953', NULL),
	('dir10', 'Christopher Nolan', '1970', NULL),
	('dir11', 'Park Chan-wook', '1963', NULL),
	('dir12', 'Florian Henckel von Donnersmarck', '1973', NULL),
	('dir13', 'Olivier Nakache', '1973', NULL),
	('dir14', 'Charles Chaplin', '1889', '1977'),
	('dir15', 'Akira Kurosawa', '1910', '1998'),
	('dir16', 'Vince Gilligan', '1967', NULL),
	('dir17', 'Alex Pina', '1967', NULL),
	('dir18', 'Baran bo Odar', '1979', NULL),
	('dir19', 'Matt Duffer', '1983', NULL),
	('dir20', 'Ross Duffer', '1983', NULL),
	('dir21', 'Jesus Colmenar', '1963', NULL),
	('dir22', 'David Crane', '1957', NULL),
	('dir23', 'Marta Kauffman', '1956', NULL),
	('dir24', 'Peter Morgan', '1963', NULL),
	('dir25', 'Chris Brancato', '1962', NULL),
	('dir26', 'Carlo Bernard', '1962', NULL),
	('dir27', 'Doug Miro', '1972', NULL),
	('dir28', 'Ricky Gervais', '1961', NULL),
	('dir29', 'Stephen Merchant', '1974', NULL),
	('dir30', 'Aleksandr Atanesyan', '1957', NULL),
	('dir31', 'Mark Gatiss', '1966', NULL),
	('dir32', 'Steven Moffat', '1961', NULL),
	('dir33', 'Yuriy Bykov', '1981', NULL);

INSERT INTO director_known_for_titles (directorID, knownForTitles) VALUES
	('dir1', 'The Shawshank Redemption'),
	('dir1', 'The Green Mile'),
	('dir1', 'The Mist'),
	('dir1', 'The Walking Dead'),
	('dir2', 'La La Land'),
	('dir2', 'Whiplash'),
	('dir2', 'First Man'),
	('dir2', 'Guy and Madeline on a Park Bench'),
	('dir3', 'Parasite'),
	('dir3', 'Snowpiercer'),
	('dir3', 'Memories of Murder'),
	('dir3', 'The Host'),
	('dir4', 'Crouching Tiger,Hidden Dragon'),
	('dir4', 'Brokeback Mountain'),
	('dir4', 'Life of Pi'),
	('dir4', 'Sense and Sensibility'),
	('dir5', 'Life is Beautiful'),
	('dir5', 'Pinocchio'),
	('dir5', 'The Tiger and the Snow'),
	('dir5', 'Johnny Stecchino'),
	('dir6', 'Pan''s Labyrinth'),
	('dir6', 'The Shape of Water'),
	('dir6', 'Crimson Peak'),
	('dir6', 'Blade II'),
	('dir7', 'City of God'),
	('dir7', 'The Constant Gardener'),
	('dir7', 'Blindness'),
	('dir7', '360'),
	('dir8', 'Spirited Away'),
	('dir8', 'My Neighbor Totoro'),
	('dir8', 'Princess Mononoke'),
	('dir8', 'Howl''s Moving actorle'),
	('dir9', 'Amélie'),
	('dir9', 'A Very Long Engagement'),
	('dir9', 'The City of Lost Children'),
	('dir9', 'Delicatessen'),
	('dir10', 'Inception'),
	('dir10', 'The Dark Knight'),
	('dir10', 'Interstellar'),
	('dir10', 'Memento'),
	('dir11', 'Oldboy'),
	('dir11', 'The Handmaiden'),
	('dir11', 'Sympathy for Mr. Vengeance'),
	('dir11', 'Thirst'),
	('dir12', 'The Lives of Others'),
	('dir12', 'The Tourist'),
	('dir12', 'Never Look Away'),
	('dir12', 'The Baader Meinhof Complex'),
	('dir13', 'The Intouchables'),
	('dir13', 'Samba'),
	('dir13', 'Those Happy Days'),
	('dir13', 'The Specials'),
	('dir14', 'City Lights'),
	('dir14', 'Modern Times'),
	('dir14', 'The Great Dictator'),
	('dir14', 'The Kid'),
	('dir15', 'Seven Samurai'),
	('dir15', 'Rashomon'),
	('dir15', 'Yojimbo'),
	('dir15', 'The Hidden Fortress'),
	('dir16', 'Breaking Bad'),
	('dir16', 'El Camino: A Breaking Bad Movie'),
	('dir16', 'Better Call Saul'),
	('dir16', 'The X-Files'),
	('dir17', 'Money Heist (La Casa de Papel)'),
	('dir17', 'The Pier'),
	('dir17', 'Locked Up'),
	('dir17', 'Vis a Vis'),
	('dir18', 'Dark'),
	('dir18', 'Who Am I'),
	('dir18', 'The Silence'),
	('dir18', 'Sleepless'),
	('dir19', 'Stranger Things'),
	('dir19', 'Hidden'),
	('dir19', 'We All Fall Down'),
	('dir19', 'Eater'),
	('dir20', 'Stranger Things'),
	('dir20', 'Hidden'),
	('dir20', 'We All Fall Down'),
	('dir20', 'Eater'),
	('dir21', 'Money Heist (La Casa de Papel)'),
	('dir21', 'Pacifico'),
	('dir21', 'Locked Up'),
	('dir21', 'The Pier'),
	('dir22', 'Friends'),
	('dir22', 'Joey'),
	('dir22', 'The Class of 96'),
	('dir22', 'Episodes'),
	('dir23', 'Friends'),
	('dir23', 'Grace and Frankie'),
	('dir23', 'Veronica''s Closet'),
	('dir23', 'Dream On'),
	('dir24', 'The Crown'),
	('dir24', 'Frost/Nixon'),
	('dir24', 'Rush'),
	('dir24', 'The Queen'),
	('dir25', 'Narcos'),
	('dir25', 'Hannibal'),
	('dir25', 'Godfather of Harlem'),
	('dir25', 'Narcos: Mexico'),
	('dir26', 'Narcos'),
	('dir26', 'Hemlock Grove'),
	('dir26', 'The Mosquito Coast'),
	('dir26', 'The Devil All the Time'),
	('dir27', 'Narcos'),
	('dir27', 'Hemlock Grove'),
	('dir27', 'The Mosquito Coast'),
	('dir27', 'The Devil All the Time'),
	('dir28', 'The Office'),
	('dir28', 'After Life'),
	('dir28', 'Derek'),
	('dir28', 'Extras'),
	('dir29', 'The Office'),
	('dir29', 'Hello Ladies'),
	('dir29', 'Life''s Too Short'),
	('dir29', 'The Ricky Gervais Show'),
	('dir30', 'The Method'),
	('dir30', 'The English Neighbour'),
	('dir30', 'Everything Will Be Fine'),
	('dir30', 'Father''s''Daughters'),
	('dir31', 'Sherlock'),
	('dir31', 'Doctor Who'),
	('dir31', 'Dracula'),
	('dir31', 'The League of Gentlemen'),
	('dir32', 'Sherlock'),
	('dir32', 'Doctor Who'),
	('dir32', 'Dracula'),
	('dir32', 'The Adventures of Tintin'),
	('dir33', 'The Fool '),
	('dir33', 'The Major'),
	('dir33', 'The Factory'),
	('dir33', 'Leto');

INSERT INTO movie_director_relation (directorID, movieID) VALUES
	('dir1', 'mv1'),
	('dir2', 'mv2'),
	('dir3', 'mv3'),
	('dir4', 'mv4'),
	('dir5', 'mv5'),
	('dir6', 'mv6'),
	('dir7', 'mv7'),
	('dir8', 'mv8'),
	('dir9', 'mv9'),
	('dir10', 'mv10'),
	('dir11', 'mv11'),
	('dir12', 'mv12'),
	('dir13', 'mv13'),
	('dir14', 'mv14'),
	('dir15', 'mv15');

INSERT INTO series_director_relation (directorID, seriesID) VALUES
	('dir16', 'sr1'),
	('dir17', 'sr2'),
	('dir18', 'sr3'),
	('dir19', 'sr4'),
	('dir20', 'sr4'),
	('dir21', 'sr5'),
	('dir22', 'sr6'),
	('dir23', 'sr6'),
	('dir24', 'sr7'),
	('dir25', 'sr8'),
	('dir26', 'sr8'),
	('dir27', 'sr8'),
	('dir28', 'sr9'),
	('dir29', 'sr9'),
	('dir30', 'sr10'),
	('dir31', 'sr11'),
	('dir32', 'sr11'),
	('dir33', 'sr12');

INSERT INTO writer (writerID,primaryName,birthYear,deathYear) VALUES
	('wr1', 'Stephen King', '1947', NULL),
	('wr2', 'Frank Darabont', '1959', NULL),
	('wr3', 'Damien Chazelle', '1985', NULL),
	('wr4', 'Bong Joon-ho', '1969', NULL),
	('wr5', 'Han Jin-won', '1986', NULL),
	('wr6', 'Wang Hui-ling', '1964', NULL),
	('wr7', 'James Schamus', '1959', NULL),
	('wr8', 'Tsai Kuo-jung', '1951', NULL),
	('wr9', 'Roberto Benigni', '1952', NULL),
	('wr10', 'Vincenzo Cerami', '1940', '2013'),
	('wr11', 'Guillermo del Toro', '1964', NULL),
	('wr12', 'Paulo Lins', '1958', NULL),
	('wr13', 'Bráulio Mantovani', '1963', NULL),
	('wr14', 'Hayao Miyazaki', '1941', NULL),
	('wr15', 'Jean-Pierre Jeunet', '1953', NULL),
	('wr16', 'Guillaume Laurant', '1961', NULL),
	('wr17', 'Christopher Nolan', '1970', NULL),
	('wr18', 'Park Chan-wook', '1963', NULL),
	('wr19', 'Hwang Jo-yun', NULL, NULL),
	('wr20', 'Lim Chun-hyeong', '1974', NULL),
	('wr21', 'Florian Henckel von Donnersmarck', '1973', NULL),
	('wr22', 'Olivier Nakache', '1973', NULL),
	('wr23', 'Éric Toledano', '1971', NULL),
	('wr24', 'Charlie Chaplin', '1889', '1977'),
	('wr25', 'Akira Kurosawa', '1910', '1998'),
	('wr26', 'Shinobu Hashimoto', '1918', '2018'),
	('wr27', 'Ryūnosuke Akutagawa', '1892', '1927'),
	('wr28', 'Vince Gilligan', '1967', NULL),
	('wr29', 'Álex Pina', '1967', NULL),
	('wr30', 'Baran bo Odar', '1978', NULL),
	('wr31', 'The Duffer Brothers', '1984', NULL),
	('wr32', 'Javier Gómez Santander', '1965', NULL),
	('wr33', 'David Crane', '1957', NULL),
	('wr34', 'Peter Morgan', '1963', NULL),
	('wr35', 'Chris Brancato', '1962', NULL),
	('wr36', 'Greg Daniels', '1963', NULL),
	('wr37', 'Andrey Belianin', '1965', NULL),
	('wr38', 'Steven Moffat', '1961', NULL),
	('wr39', 'Tikhon Kornev', '1977', NULL);

INSERT INTO writer_known_for_titles (writerID, knownForTitles) VALUES
	('wr1', 'The Shawshank Redemption'),
	('wr1', 'The Green Mile'),
	('wr1', 'The Mist'),
	('wr1', 'The Walking Dead'),
	('wr2', 'The Shawshank Redemption'),
	('wr2', 'The Green Mile'),
	('wr2', 'The Mist'),
	('wr2', 'The Walking Dead'),
	('wr3', 'La La Land'),
	('wr3', 'Whiplash'),
	('wr3', 'First Man'),
	('wr3', 'Guy and Madeline on a Park Bench'),
	('wr4', 'Parasite'),
	('wr4', 'Snowpiercer'),
	('wr4', 'Memories of Murder'),
	('wr4', 'The Host'),
	('wr5', 'Parasite'),
	('wr5', 'The Pirates'),
	('wr5', 'Space Sweepers'),
	('wr5', 'Sunny'),
	('wr6', 'Crouching Tiger,Hidden Dragon'),
	('wr6', 'The Crossing'),
	('wr6', 'Pan''s Labyrinth'),
	('wr6', 'Hannibal Rising'),
	('wr7', 'Crouching Tiger,Hidden Dragon'),
	('wr7', 'The Ice Storm'),
	('wr7', 'Lust,Caution'),
	('wr7', 'The Wedding Banquet'),
	('wr8', 'Crouching Tiger,Hidden Dragon'),
	('wr8', 'The Bride with White Hair'),
	('wr8', 'The Fleeing Phoenix'),
	('wr8', 'The Secret'),
	('wr9', 'Life is Beautiful'),
	('wr9', 'Pinocchio'),
	('wr9', 'The Tiger and the Snow'),
	('wr9', 'Johnny Stecchino'),
	('wr10', 'Life is Beautiful'),
	('wr10', 'Pinocchio'),
	('wr10', 'The Tiger and the Snow'),
	('wr10', 'Johnny Stecchino'),
	('wr11', 'Pan''s Labyrinth'),
	('wr11', 'The Shape of Water'),
	('wr11', 'Crimson Peak'),
	('wr11', 'Blade II'),
	('wr12', 'City of God'),
	('wr12', 'The Pope''s Toilet'),
	('wr12', 'Since When?'),
	('wr12', 'Brazilian Western'),
	('wr13', 'City of God'),
	('wr13', 'Elite Squad'),
	('wr13', 'The Pope''s Toilet'),
	('wr13', 'Brazilian Western'),
	('wr14', 'Spirited Away'),
	('wr14', 'My Neighbor Totoro'),
	('wr14', 'Princess Mononoke'),
	('wr14', 'Howl''s Moving actorle'),
	('wr15', 'Amélie'),
	('wr15', 'A Very Long Engagement'),
	('wr15', 'The City of Lost Children'),
	('wr15', 'Delicatessen'),
	('wr16', 'Amélie'),
	('wr16', 'A Very Long Engagement'),
	('wr16', 'The City of Lost Children'),
	('wr16', 'Delicatessen'),
	('wr17', 'Inception'),
	('wr17', 'The Dark Knight'),
	('wr17', 'Interstellar'),
	('wr17', 'Memento'),
	('wr18', 'Oldboy'),
	('wr18', 'The Handmaiden'),
	('wr18', 'Sympathy for Mr. Vengeance'),
	('wr18', 'Thirst'),
	('wr19', 'Oldboy'),
	('wr19', 'The Handmaiden'),
	('wr19', 'Sympathy for Mr. Vengeance'),
	('wr19', 'Thirst'),
	('wr20', 'Oldboy'),
	('wr20', 'The Handmaiden'),
	('wr20', 'Sympathy for Mr. Vengeance'),
	('wr20', 'Thirst'),
	('wr21', 'The Lives of Others'),
	('wr21', 'The Tourist'),
	('wr21', 'Never Look Away'),
	('wr21', 'The Baader Meinhof Complex'),
	('wr22', 'The Intouchables'),
	('wr22', 'Samba'),
	('wr22', 'Those Happy Days'),
	('wr22', 'The Specials'),
	('wr23', 'The Intouchables'),
	('wr23', 'Samba'),
	('wr23', 'Those Happy Days'),
	('wr23', 'The Specials'),
	('wr24', 'City Lights'),
	('wr24', 'Modern Times'),
	('wr24', 'The Great Dictator'),
	('wr24', 'The Kid'),
	('wr25', 'Seven Samurai'),
	('wr25', 'Rashomon'),
	('wr25', 'Yojimbo'),
	('wr25', 'The Hidden Fortress'),
	('wr26', 'Seven Samurai'),
	('wr26', 'Rashomon'),
	('wr26', 'Yojimbo'),
	('wr26', 'The Hidden Fortress'),
	('wr27', 'Seven Samurai'),
	('wr27', 'Rashomon'),
	('wr27', 'Yojimbo'),
	('wr27', 'The Hidden Fortress'),
	('wr28', 'Breaking Bad'),
	('wr28', 'El Camino: A Breaking Bad Movie'),
	('wr28', 'Better Call Saul'),
	('wr28', 'The X-Files'),
	('wr29', 'Money Heist (La Casa de Papel)'),
	('wr29', 'The Pier'),
	('wr29', 'Locked Up'),
	('wr29', 'Vis a Vis'),
	('wr30', 'Dark'),
	('wr30', 'Who Am I'),
	('wr30', 'The Silence'),
	('wr30', 'Sleepless'),
	('wr31', 'Stranger Things'),
	('wr31', 'Hidden'),
	('wr31', 'We All Fall Down'),
	('wr31', 'Eater'),
	('wr32', 'Money Heist (La Casa de Papel)'),
	('wr32', 'Pacifico'),
	('wr32', 'Locked Up'),
	('wr32', 'The Pier'),
	('wr33', 'Friends'),
	('wr33', 'Joey'),
	('wr33', 'The Class of 96'),
	('wr33', 'Episodes'),
	('wr34', 'The Crown'),
	('wr34', 'Frost/Nixon'),
	('wr34', 'Rush'),
	('wr34', 'The Queen'),
	('wr35', 'Narcos'),
	('wr35', 'Hannibal'),
	('wr35', 'Godfather of Harlem'),
	('wr35', 'Narcos: Mexico'),
	('wr36', 'The Office'),
	('wr36', 'After Life'),
	('wr36', 'Derek'),
	('wr36', 'Extras'),
	('wr37', 'The Method'),
	('wr37', 'The English Neighbour'),
	('wr37', 'Everything Will Be Fine'),
	('wr37', 'Father''s Daughters'),
	('wr38', 'Sherlock'),
	('wr38', 'Doctor Who'),
	('wr38', 'Dracula'),
	('wr38', 'The Adventures of Tintin'),
	('wr39', 'Sherlock'),
	('wr39', 'Doctor Who'),
	('wr39', 'Dracula'),
	('wr39', 'The Adventures of Tintin');

INSERT INTO movie_writer_relation (writerID, movieID) VALUES
	('wr1', 'mv1'),
	('wr2', 'mv1'),
	('wr3', 'mv2'),
	('wr4', 'mv3'),
	('wr5', 'mv3'),
	('wr6', 'mv4'),
	('wr7', 'mv4'),
	('wr8', 'mv4'),
	('wr9', 'mv5'),
	('wr10', 'mv5'),
	('wr11', 'mv6'),
	('wr12', 'mv7'),
	('wr13', 'mv7'),
	('wr14', 'mv8'),
	('wr15', 'mv9'),
	('wr16', 'mv9'),
	('wr17', 'mv10'),
	('wr18', 'mv11'),
	('wr19', 'mv11'),
	('wr20', 'mv11'),
	('wr21', 'mv12'),
	('wr22', 'mv13'),
	('wr23', 'mv13'),
	('wr24', 'mv14'),
	('wr25', 'mv15'),
	('wr26', 'mv15'),
	('wr27', 'mv15');

INSERT INTO series_writer_relation (writerID, seriesID) VALUES
	('wr28', 'sr1'),
	('wr29', 'sr2'),
	('wr30', 'sr3'),
	('wr31', 'sr4'),
	('wr32', 'sr5'),
	('wr33', 'sr6'),
	('wr34', 'sr7'),
	('wr35', 'sr8'),
	('wr36', 'sr9'),
	('wr37', 'sr10'),
	('wr38', 'sr11'),
	('wr39', 'sr12');

INSERT INTO award (awardID, awardName, awardCategory, WiningYear) VALUES
	('awd1', 'Saturn Award', 'Best DVD/Blu-Ray Collection', '2016'),
	('awd2', 'Saturn Award', 'Best Independent Award', '2017'),
	('awd3', 'BSFC Award', 'Best Film', '2016'),
	('awd4', 'BAFTA Award', 'Best Film', '2017'),
	('awd5', 'Critics Choice Award', 'Best Picture', '2016'),
	('awd6', 'Golden Globes', 'Best Motion Picture-Musical', '2017'),
	('awd7', 'Oscars', 'Best Motion Picture', '2020'),
	('awd8', 'Oscars', 'Best International Feature Film', '2020'),
	('awd9', 'Saturn Award', 'Best International Film', '2021'),
	('awd10', 'BSFC Award', 'Best Foreign Language Film', '2019'),
	('awd11', 'CFCA  Award', 'Best Foreign Language Film', '2019'),
	('awd12', 'Saturn Award', 'Best Action/Adventure/Thriller Film', '2001'),
	('awd13', 'FCCA  Award', 'Best Foreign-Language Film', '2001'),
	('awd14', 'BSFC Award', 'Best Foreign-Language Film', '2000'),
	('awd15', 'Critics Choice Award', 'Best Foreign-Language Film', '2001'),
	('awd16', 'Golden Globes', 'Best Foreign-Language Film', '2001'),
	('awd17', 'Australian Film Institute', 'Best Foreign Film', '1999'),
	('awd18', 'Critics Choice Award', 'Best Foreign-Language Film', '1999'),
	('awd19', 'Golden Ariel Award', 'Best Picture', '2007'),
	('awd20', 'Saturn Award', 'Best International Film', '2007'),
	('awd21', 'BSFC Award', 'Best Foreign-Language Film', '2006'),
	('awd22', 'British Independent Film Award', 'Best Foreign-Independent Film', '2003'),
	('awd23', 'CFCA  Award', 'Best Foreign-Language Film', '2004'),
	('awd24', 'Saturn Award', 'Best Animated Film', '2003'),
	('awd25', 'Annie Awards', 'Outstanding Achievement in an Animated Theatrical Feature', '2003'),
	('awd26', 'FCCA  Award', 'Best Foreign-Language Film', '2003'),
	('awd27', 'Critics Choice Award', 'Best Animate Feature', '2003'),
	('awd28', 'Golden Satellite Award', 'Best Motion Picture, Animated or Mixed Media', '2003'),
	('awd29', 'FCCA  Award', 'Best Foreign-Language Film', '2002'),
	('awd30', 'Critics Choice Award', 'Best Foreign-Language Film', '2002'),
	('awd31', 'CFCA  Award', 'Best Foreign-Language Film', '2002'),
	('awd32', 'Saturn Award', 'Best Science Fiction Film', '2011'),
	('awd33', 'British Independent Film Award', 'Best Foreign-Independent Film', '2004'),
	('awd34', 'Hong Kong Film Award', 'Best Asian Film', '2005'),
	('awd35', 'Oscars', 'Best Foreign Language Film of the Year', '2007'),
	('awd36', 'FCCA  Award', 'Best Foreign-Language Film', '2008'),
	('awd37', 'BAFTA Award', 'Best Film Not in the English Language', '2008'),
	('awd38', 'British Independent Film Award', 'Best Foreign-Independent Film', '2007'),
	('awd39', 'German Film Awards', 'Outstanding Feature Film', '2006'),
	('awd40', 'NBR Award', 'Top Ten Films', '1931'),
	('awd41', 'OFTA Film Hall of Fame', 'Motion Picture', '2005'),
	('awd42', 'Academy Award(Honorary Award)', 'Most Outstanding Foreign Language Film', '1952'),
	('awd43', 'NBR Award', 'Best Foreign Film', '1951'),
	('awd44', 'OFTA Film Hall of Fame', 'Motion Picture', '2006'),
	('awd45', 'Saturn Award', 'Best Presentation On Television', '2014'),
	('awd46', 'ASCAP Award', 'Top TV Series', '2014'),
	('awd47', 'ASCAP Award', 'Top TV Series', '2011'),
	('awd48', 'BAFTA TV Award', 'Best International', '2014'),
	('awd49', 'Golden Globe', 'Best Television Series- Drama', '2014'),
	('awd50', 'Adolf Grimme Award', 'Fiction', '2018'),
	('awd51', 'Saturn Award', 'Best Streaming Horror & Thriller Series', '2022'),
	('awd52', 'Saturn Award', 'Best Streaming Horror & Thriller Series', '2019'),
	('awd53', 'Saturn Award', 'Best New Media Television Series', '2017'),
	('awd54', 'Satellite Award', 'Best Television Series, Thriller', '2019'),
	('awd55', 'People''s Choice Award', 'The Sci-Fi/Fantasy Show of the 2022', '2022'),
	('awd56', 'People''s Choice Award', 'The Show Of 2022', '2022'),
	('awd57', 'Fotogramas de Plata', 'Audience Award - Best Spanish Series', '2022'),
	('awd58', 'Fotogramas de Plata', 'Audience Award - Best Spanish Series', '2018'),
	('awd59', 'Emmy', 'Drama Series', '2018'),
	('awd60', 'Golden Nymph', 'Best Drama TV Series', '2018'),
	('awd61', 'Premio Fénix', 'Television: Best Drama Series', '2018'),
	('awd62', 'ASCAP Award', 'Top TV Series', '1995'),
	('awd63', 'ASCAP Award', 'Top TV Series', '1996'),
	('awd64', 'ASCAP Award', 'Top TV Series', '1997'),
	('awd65', 'ASCAP Award', 'Top TV Series', '1998'),
	('awd66', 'ASCAP Award', 'Top TV Series', '1999'),
	('awd67', 'ASCAP Award', 'Top TV Series', '2000'),
	('awd68', 'ASCAP Award', 'Top TV Series', '2001'),
	('awd69', 'ASCAP Award', 'Top TV Series', '2002'),
	('awd70', 'ASCAP Award', 'Top TV Series', '2003'),
	('awd71', 'ASCAP Award', 'Top TV Series', '2004'),
	('awd72', 'ASCAP Award', 'Top TV Series', '2005'),
	('awd73', 'BAFTA TV Award', 'Foreign TV Program Award', '1998'),
	('awd74', 'GLAAD Media Award', 'Outstanding Television Series', '1995'),
	('awd75', 'People''s Choice Award', 'Favorite Television Comedy Series', '2004'),
	('awd76', 'People''s Choice Award', 'Favorite Television Comedy Series', '2003'),
	('awd77', 'People''s Choice Award', 'Favorite Television Comedy Series', '2002'),
	('awd78', 'People''s Choice Award', 'Favorite Television Comedy Series', '2001'),
	('awd79', 'People''s Choice Award', 'Favorite Television Comedy Series', '2000'),
	('awd80', 'People''s Choice Award', 'Favorite New TV Comedy Series', '1995'),
	('awd81', 'BAFTA TV Award', 'Best Special, Visual and Graphic Effects', '2017'),
	('awd82', 'Critics Choice Award', 'Best Drama TV Series', '2021'),
	('awd83', 'Broadactoring Press Guild Award', 'Best Online First/Streaming', '2018'),
	('awd84', 'Broadactoring Press Guild Award', 'Best Online First/Streaming', '2017'),
	('awd85', 'EMA Award', 'Television Episodic Drama', '2017'),
	('awd86', 'Golden Globe', 'Best Television Series, Drama', '2021'),
	('awd87', 'Golden Globe', 'Best Television Series, Drama', '2017'),
	('awd88', 'Satellite Award', 'Best Television Series, Drama', '2017'),
	('awd89', 'Premios Fenix', 'Television : Best Drama Series', '2017'),
	('awd90', 'Golden Trailer Awards', 'Best Action(TV Spot/Trailer/Teaser) for a series', '2018'),
	('awd91', 'Golden Trailer Awards', 'Best Action(TV Spot/Trailer/Teaser) for a series', '2017'),
	('awd92', 'Golden Trailer Awards', 'Best Trailer/Teaser for a TV series/Mini-Series', '2016'),
	('awd93', 'Prism Award', 'Comedy Multi-Episode Storyline', '2009'),
	('awd94', 'TCA Award', 'Outstanding Achievement in Comedy', '2007'),
	('awd95', 'TCA Award', 'Outstanding Achievement in Comedy', '2006'),
	('awd96', 'AFI Award', 'TV Program Of the Year', '2009'),
	('awd97', 'AFI Award', 'TV Program Of the Year', '2007'),
	('awd98', 'OFTA Television Award', 'Best Comedy Series', '2007'),
	('awd99', 'OFTA Television Award', 'Best Ensemble in a Comedy Series', '2007'),
	('awd100', 'OFTA Television Award', 'Best Writing in a Comedy Series', '2007'),
	('awd101', 'Gold Derby TV Award', 'Comedy Series', '2009'),
	('awd102', 'Gold Derby TV Award', 'Comedy Series', '2007'),
	('awd103', 'Gold Derby TV Award', 'Comedy Series', '2006'),
	('awd104', 'Golden Eagle Award', 'Best Television Series', '2004'),
	('awd105', 'TEFI', 'Best TV Movie/Series', '2003'),
	('awd106', 'BAFTA TV Award', 'Audience Award (TV)', '2015'),
	('awd107', 'Satellite Award', 'Best Miniseries', '2010'),
	('awd108', 'TCA Award', 'Outstanding Achievement in Movies, Miniseries and Specials', '2011'),
	('awd109', 'TV Quick Award', 'Best Drama TV Series', '2014'),
	('awd110', 'Georges Award', 'Best Russian TV Drama of the Year', '2016'),
	('awd111', 'Oscars', 'Best Performance by an Actor in a Supporting Role', '2005'),
	('awd112', 'Golden Globes', 'Cecil B. DeMille Award', '2012'),
	('awd113', 'Golden Globes', 'Best Performance by an Actor in a Motion Picture - Comedy or Musical', '1990'),
	('awd114', 'Oscars', 'Best Actor in a Supporting Role', '2004'),
	('awd115', 'BSFC Award', 'Best Ensemble actor', '2003'),
	('awd116', 'Critics Choice Award', 'Best Supporting Actor', '2004'),
	('awd117', 'BSFC Award', 'Best Supporting Actor', '2023'),
	('awd118', 'Golden Globes', 'Best Performance by an Actor in a Motion Picture - Musical or Comedy', '2017'),
	('awd119', 'Oscars', 'Best Performance by an Actress in a Leading Role', '2024'),
	('awd120', 'Oscars', 'Best Performance by an Actress in a Leading Role', '2017'),
	('awd121', 'BSFC Award', 'Best Supporting Actress', '2014'),
	('awd122', 'Cannes Film Festival', 'Best Actor ', '2022'),
	('awd123', 'LAFCA', 'Best Supporting Actor', '2019'),
	('awd124', 'Screen Actors Guild Awards', 'Outstanding Performance by a actor in a Motion Picture', '2020'),
	('awd125', 'OFTA Film Award', 'Best Ensemble', '2020'),
	('awd126', 'APFF Award', 'Best Actor', '1984'),
	('awd127', 'Golden Horse Award', 'Best Leading Actor', '1987'),
	('awd128', 'Golden Horse Award', 'Best Leading Actor', '1985'),
	('awd129', 'Oscars', 'Best Performance by an Actress in a Leading Role', '2023'),
	('awd130', 'Saturn Award', 'Best Actress', '2022'),
	('awd131', 'BSFC Award', 'Best Actress', '2022'),
	('awd132', 'Oscars', 'Best Actor in a Leading Role', '1999'),
	('awd133', 'American Comedy Award', 'Funniest Actor in a Motion Picture', '1999'),
	('awd134', 'BAFTA Film Award', 'Best Performance by an Actor in a Leading Role', '1999'),
	('awd135', 'Film', 'Best Actress', '1999'),
	('awd136', 'Film', 'Best Supporting Actress', '2009'),
	('awd137', 'Film', 'Best Actress', '2007'),
	('awd138', 'Film', 'Best Young Actress', '2007'),
	('awd139', 'Film', 'Best Actor', '2007'),
	('awd140', 'Film', 'Best Supporting Actor', '2003'),
	('awd141', 'Film', 'Best Actor', '2003'),
	('awd142', 'Film', 'Best Ensemble actor', '2003'),
	('awd143', 'Film', 'Best Actor', '2003'),
	('awd144', 'Film', 'Best Supporting Actor', '2003'),
	('awd145', 'Film', 'Best Voice Acting in an Animated Film', '2003'),
	('awd146', 'Film', 'Best Voice Acting in an Animated Film', '2003'),
	('awd147', 'Film', 'Best Voice Acting in an Animated Film', '2003'),
	('awd148', 'Film', 'Best Voice Acting in an Animated Film', '2003'),
	('awd149', 'Film', 'Best Actress', '2001'),
	('awd150', 'Film', 'Best Actress', '2001'),
	('awd151', 'Film', 'Best Director', '1995'),
	('awd152', 'Film', 'Best Director', '1995'),
	('awd153', 'Film', 'Best Actor', '2016'),
	('awd154', 'Film', 'Best Actor', '2014'),
	('awd155', 'Film', 'Best Actor in a Leading Role', '2010'),
	('awd156', 'Film', 'Best Actor in a Leading Role', '2012'),
	('awd157', 'Film', 'Best Actor', '2004'),
	('awd158', 'Film', 'Best Actor', '2009'),
	('awd159', 'Film', 'Best Actor', '2004'),
	('awd160', 'Film', 'Best Actor', '2004'),
	('awd161', 'Film', 'Best Actor', '2006'),
	('awd162', 'Film', 'Best Actor', '2006'),
	('awd163', 'Film', 'Best Actress', '2006'),
	('awd164', 'Film', 'Best Actress', '2006'),
	('awd165', 'Film', 'Best Actor', '2011'),
	('awd166', 'Film', 'Best Actor', '2007'),
	('awd167', 'Film', 'Best Actor', '2011'),
	('awd168', 'Film', 'Best Actor', '2011'),
	('awd169', 'Film', 'Honorary Award', '1972'),
	('awd170', 'Film', 'Best Original Score', '1973'),
	('awd171', 'Film', 'Best Actress', '1931'),
	('awd172', 'Film', 'Best Actress', '1931'),
	('awd173', 'Film', 'Best Actor', '1961'),
	('awd174', 'Film', 'Best Actor', '1961'),
	('awd175', 'Film', 'Best Actress', '1951'),
	('awd176', 'Film', 'Best Actress', '1951'),
	('awd177', 'Television', 'Best Actor in a Leading Role', '2008'),
	('awd178', 'Television', 'Best Actor in a Leading Role', '2009'),
	('awd179', 'Television', 'Best Supporting Actor', '2010'),
	('awd180', 'Television', 'Best Supporting Actor', '2012'),
	('awd181', 'Television', 'Best Actress', '2018'),
	('awd182', 'Television', 'Best Ensemble actor', '2018'),
	('awd183', 'Television', 'Best Actor', '2018'),
	('awd184', 'Television', 'Best Ensemble actor', '2018'),
	('awd185', 'Television', 'Best Actor', '2017'),
	('awd186', 'Television', 'Best Ensemble actor', '2017'),
	('awd187', 'Television', 'Best Actress', '2017'),
	('awd188', 'Television', 'Best Ensemble actor', '2017'),
	('awd189', 'Television', 'Best Actress', '2017'),
	('awd190', 'Television', 'Best Actress', '2017'),
	('awd191', 'Television', 'Best Actor', '2002'),
	('awd192', 'Television', 'Best Actress', '2003'),
	('awd193', 'Television', 'Best Actress', '2017'),
	('awd194', 'Television', 'Best Actress', '2018'),
	('awd195', 'Television', 'Best Actor', '2016'),
	('awd196', 'Television', 'Best Actor', '2016'),
	('awd197', 'Television', 'Best Actor', '2006'),
	('awd198', 'Television', 'Best Actor', '2007'),
	('awd199', 'Television', 'Best Supporting Actor', '2006'),
	('awd200', 'Television', 'Best Supporting Actor', '2007'),
	('awd201', 'Television', 'Best Actor', '2002'),
	('awd202', 'Television', 'Best Supporting Actor', '2002'),
	('awd203', 'Television', 'Best Actor', '2014'),
	('awd204', 'Television', 'Best Actor', '2014'),
	('awd205', 'Film', 'Best Director', '1994'),
	('awd206', 'Film', 'Best Director', '2017'),
	('awd207', 'Film', 'Best Director', '2020'),
	('awd208', 'Film', 'Best Director', '2005'),
	('awd209', 'Film', 'Best Director', '1999'),
	('awd210', 'Film', 'Best Director', '2018'),
	('awd211', 'Film', 'Best Director', '2006'),
	('awd212', 'Film', 'Best Director', '2003'),
	('awd213', 'Film', 'Best Director', '2001'),
	('awd214', 'Film', 'Best Director', '2024'),
	('awd215', 'Film', 'Best Director', '2004'),
	('awd216', 'Film', 'Best Director', '2006'),
	('awd217', 'Film', 'Best Director', '2011'),
	('awd218', 'Film', 'Best Director', '1973'),
	('awd219', 'Film', 'Best Director', '1952'),
	('awd220', 'Television', 'Best Director', '2013'),
	('awd221', 'Television', 'Best Director', '2018'),
	('awd222', 'Television', 'Best Director', '2017'),
	('awd223', 'Television', 'Best Director', '2016'),
	('awd224', 'Television', 'Best Director', '2016'),
	('awd225', 'Television', 'Best Director', '2019'),
	('awd226', 'Television', 'Best Director', '2002'),
	('awd227', 'Television', 'Best Director', '2002'),
	('awd228', 'Television', 'Best Director', '2007'),
	('awd229', 'Television', 'Best Director', '2015'),
	('awd230', 'Television', 'Best Director', '2015'),
	('awd231', 'Television', 'Best Director', '2015'),
	('awd232', 'Television', 'Best Director', '2007'),
	('awd233', 'Television', 'Best Director', '2007'),
	('awd234', 'Television', 'Best Director', '2018'),
	('awd235', 'Television', 'Best Director', '2011'),
	('awd236', 'Television', 'Best Director', '2014'),
	('awd237', 'Television', 'Best Director', '2014'),
	('awd238', 'Film', 'Best Writer', '1994'),
	('awd239', 'Film', 'Best Writer', '1994'),
	('awd240', 'Film', 'Best Writer', '2017'),
	('awd241', 'Film', 'Best Writer', '2020'),
	('awd242', 'Film', 'Best Writer', '2019'),
	('awd243', 'Film', 'Best Writer', '2001'),
	('awd244', 'Film', 'Best Writer', '2006'),
	('awd245', 'Film', 'Best Writer', '2019'),
	('awd246', 'Film', 'Best Writer', '1999'),
	('awd247', 'Film', 'Best Writer', '1999'),
	('awd248', 'Film', 'Best Writer', '2018'),
	('awd249', 'Film', 'Best Writer', '2002'),
	('awd250', 'Film', 'Best Writer', '2003'),
	('awd251', 'Film', 'Best Writer', '2002'),
	('awd252', 'Film', 'Best Writer', '2001'),
	('awd253', 'Film', 'Best Writer', '2001'),
	('awd254', 'Film', 'Best Writer', '2010'),
	('awd255', 'Film', 'Best Writer', '2004'),
	('awd256', 'Film', 'Best Writer', '2019'),
	('awd257', 'Film', 'Best Writer', '2019'),
	('awd258', 'Film', 'Best Writer', '2006'),
	('awd259', 'Film', 'Best Writer', '2011'),
	('awd260', 'Film', 'Best Writer', '2011'),
	('awd261', 'Film', 'Best Writer', '1973'),
	('awd262', 'Film', 'Best Writer', '1952'),
	('awd263', 'Film', 'Best Writer', '1954'),
	('awd264', 'Film', 'Best Writer', '1951'),
	('awd265', 'Television', 'Best Writer', '2013'),
	('awd266', 'Television', 'Best Writer', '2018'),
	('awd267', 'Television', 'Best Writer', '2017'),
	('awd268', 'Television', 'Best Writer', '2016'),
	('awd269', 'Television', 'Best Writer', '2018'),
	('awd270', 'Television', 'Best Writer', '2002'),
	('awd271', 'Television', 'Best Writer', '2006'),
	('awd272', 'Television', 'Best Writer', '2015'),
	('awd273', 'Television', 'Best Writer', '2006'),
	('awd274', 'Television', 'Best Writer', '2014'),
	('awd275', 'Television', 'Best Writer', '2014'),
	('awd276', 'Television', 'Best Writer', '2019');

INSERT INTO movie_award_relation (movieID, awardID) VALUES
	('mv1', 'awd1'),
	('mv2', 'awd2'),
	('mv2', 'awd3'),
	('mv2', 'awd4'),
	('mv2', 'awd5'),
	('mv2', 'awd6'),
	('mv3', 'awd7'),
	('mv3', 'awd8'),
	('mv3', 'awd9'),
	('mv3', 'awd10'),
	('mv3', 'awd11'),
	('mv4', 'awd12'),
	('mv4', 'awd13'),
	('mv4', 'awd14'),
	('mv4', 'awd15'),
	('mv4', 'awd16'),
	('mv5', 'awd17'),
	('mv5', 'awd18'),
	('mv6', 'awd19'),
	('mv6', 'awd20'),
	('mv6', 'awd21'),
	('mv7', 'awd22'),
	('mv7', 'awd23'),
	('mv8', 'awd24'),
	('mv8', 'awd25'),
	('mv8', 'awd26'),
	('mv8', 'awd27'),
	('mv8', 'awd28'),
	('mv9', 'awd29'),
	('mv9', 'awd30'),
	('mv9', 'awd31'),
	('mv10', 'awd32'),
	('mv11', 'awd33'),
	('mv11', 'awd34'),
	('mv12', 'awd35'),
	('mv12', 'awd36'),
	('mv12', 'awd37'),
	('mv12', 'awd38'),
	('mv12', 'awd39'),
	('mv14', 'awd40'),
	('mv14', 'awd41'),
	('mv15', 'awd42'),
	('mv15', 'awd43'),
	('mv15', 'awd44');

INSERT INTO series_award_relation (seriesID, awardID) VALUES
	('sr1', 'awd45'),
	('sr1', 'awd46'),
	('sr1', 'awd47'),
	('sr1', 'awd48'),
	('sr1', 'awd49'),
	('sr3', 'awd50'),
	('sr4', 'awd51'),
	('sr4', 'awd52'),
	('sr4', 'awd53'),
	('sr4', 'awd54'),
	('sr4', 'awd55'),
	('sr4', 'awd56'),
	('sr5', 'awd57'),
	('sr5', 'awd58'),
	('sr5', 'awd59'),
	('sr5', 'awd60'),
	('sr5', 'awd61'),
	('sr6', 'awd62'),
	('sr6', 'awd63'),
	('sr6', 'awd64'),
	('sr6', 'awd65'),
	('sr6', 'awd66'),
	('sr6', 'awd67'),
	('sr6', 'awd68'),
	('sr6', 'awd69'),
	('sr6', 'awd70'),
	('sr6', 'awd71'),
	('sr6', 'awd72'),
	('sr6', 'awd73'),
	('sr6', 'awd74'),
	('sr6', 'awd75'),
	('sr6', 'awd76'),
	('sr6', 'awd77'),
	('sr6', 'awd78'),
	('sr6', 'awd79'),
	('sr6', 'awd80'),
	('sr7', 'awd81'),
	('sr7', 'awd82'),
	('sr7', 'awd83'),
	('sr7', 'awd84'),
	('sr7', 'awd85'),
	('sr7', 'awd86'),
	('sr7', 'awd87'),
	('sr7', 'awd88'),
	('sr8', 'awd89'),
	('sr8', 'awd90'),
	('sr8', 'awd91'),
	('sr8', 'awd92'),
	('sr9', 'awd93'),
	('sr9', 'awd94'),
	('sr9', 'awd95'),
	('sr9', 'awd96'),
	('sr9', 'awd97'),
	('sr9', 'awd98'),
	('sr9', 'awd99'),
	('sr9', 'awd100'),
	('sr9', 'awd101'),
	('sr9', 'awd102'),
	('sr9', 'awd103'),
	('sr10', 'awd104'),
	('sr10', 'awd105'),
	('sr11', 'awd106'),
	('sr11', 'awd107'),
	('sr11', 'awd108'),
	('sr11', 'awd109'),
	('sr12', 'awd110');

INSERT INTO actor_award_relation (actorID, awardID) VALUES
	('actor1', 'awd111'),
	('actor1', 'awd112'),
	('actor1', 'awd113'),
	('actor2', 'awd114'),
	('actor2', 'awd115'),
	('actor2', 'awd116'),
	('actor3', 'awd117'),
	('actor3', 'awd118'),
	('actor4', 'awd119'),
	('actor4', 'awd120'),
	('actor4', 'awd121'),
	('actor5', 'awd122'),
	('actor5', 'awd123'),
	('actor6', 'awd124'),
	('actor6', 'awd125'),
	('actor7', 'awd126'),
	('actor7', 'awd127'),
	('actor7', 'awd128'),
	('actor8', 'awd129'),
	('actor8', 'awd130'),
	('actor8', 'awd131'),
	('actor9', 'awd132'),
	('actor9', 'awd133'),
	('actor9', 'awd134'),
	('actor10', 'awd135'),
	('actor10', 'awd136'),
	('actor11', 'awd137'),
	('actor11', 'awd138'),
	('actor12', 'awd139'),
	('actor12', 'awd140'),
	('actor13', 'awd141'),
	('actor13', 'awd142'),
	('actor14', 'awd143'),
	('actor14', 'awd144'),
	('actor15', 'awd145'),
	('actor16', 'awd146'),
	('actor15', 'awd147'),
	('actor16', 'awd148'),
	('actor17', 'awd149'),
	('actor17', 'awd150'),
	('actor18', 'awd151'),
	('actor18', 'awd152'),
	('actor19', 'awd153'),
	('actor19', 'awd154'),
	('actor20', 'awd155'),
	('actor20', 'awd156'),
	('actor21', 'awd157'),
	('actor21', 'awd158'),
	('actor22', 'awd159'),
	('actor22', 'awd160'),
	('actor23', 'awd161'),
	('actor23', 'awd162'),
	('actor24', 'awd163'),
	('actor24', 'awd164'),
	('actor25', 'awd165'),
	('actor25', 'awd166'),
	('actor26', 'awd167'),
	('actor26', 'awd168'),
	('actor27', 'awd169'),
	('actor27', 'awd170'),
	('actor28', 'awd171'),
	('actor28', 'awd172'),
	('actor29', 'awd173'),
	('actor29', 'awd174'),
	('actor30', 'awd175'),
	('actor30', 'awd176'),
	('actor31', 'awd177'),
	('actor31', 'awd178'),
	('actor32', 'awd179'),
	('actor32', 'awd180'),
	('actor33', 'awd181'),
	('actor33', 'awd182'),
	('actor34', 'awd183'),
	('actor34', 'awd184'),
	('actor35', 'awd185'),
	('actor35', 'awd186'),
	('actor36', 'awd187'),
	('actor36', 'awd188'),
	('actor37', 'awd189'),
	('actor37', 'awd190'),
	('actor39', 'awd191'),
	('actor40', 'awd192'),
	('actor41', 'awd193'),
	('actor42', 'awd194'),
	('actor43', 'awd195'),
	('actor43', 'awd196'),
	('actor45', 'awd197'),
	('actor45', 'awd198'),
	('actor46', 'awd199'),
	('actor46', 'awd200'),
	('actor47', 'awd201'),
	('actor48', 'awd202'),
	('actor49', 'awd203'),
	('actor50', 'awd204');

INSERT INTO director_award_relation (directorID, awardID) VALUES
	('dir1', 'awd205'),
	('dir2', 'awd206'),
	('dir3', 'awd207'),
	('dir4', 'awd208'),
	('dir5', 'awd209'),
	('dir6', 'awd210'),
	('dir7', 'awd211'),
	('dir8', 'awd212'),
	('dir9', 'awd213'),
	('dir10', 'awd214'),
	('dir11', 'awd215'),
	('dir12', 'awd216'),
	('dir13', 'awd217'),
	('dir14', 'awd218'),
	('dir15', 'awd219'),
	('dir16', 'awd220'),
	('dir17', 'awd221'),
	('dir18', 'awd222'),
	('dir19', 'awd223'),
	('dir20', 'awd224'),
	('dir21', 'awd225'),
	('dir22', 'awd226'),
	('dir23', 'awd227'),
	('dir24', 'awd228'),
	('dir25', 'awd229'),
	('dir26', 'awd230'),
	('dir27', 'awd231'),
	('dir28', 'awd232'),
	('dir29', 'awd233'),
	('dir30', 'awd234'),
	('dir31', 'awd235'),
	('dir32', 'awd236'),
	('dir33', 'awd237');

INSERT INTO writer_award_relation (writerID, awardID) VALUES
	('wr1', 'awd238'),
	('wr2', 'awd239'),
	('wr3', 'awd240'),
	('wr4', 'awd241'),
	('wr5', 'awd242'),
	('wr6', 'awd243'),
	('wr7', 'awd244'),
	('wr8', 'awd245'),
	('wr9', 'awd246'),
	('wr10', 'awd247'),
	('wr11', 'awd248'),
	('wr12', 'awd249'),
	('wr13', 'awd250'),
	('wr14', 'awd251'),
	('wr15', 'awd252'),
	('wr16', 'awd253'),
	('wr17', 'awd254'),
	('wr18', 'awd255'),
	('wr19', 'awd256'),
	('wr20', 'awd257'),
	('wr21', 'awd258'),
	('wr22', 'awd259'),
	('wr23', 'awd260'),
	('wr24', 'awd261'),
	('wr25', 'awd262'),
	('wr26', 'awd263'),
	('wr27', 'awd264'),
	('wr28', 'awd265'),
	('wr29', 'awd266'),
	('wr30', 'awd267'),
	('wr31', 'awd268'),
	('wr32', 'awd269'),
	('wr33', 'awd270'),
	('wr34', 'awd271'),
	('wr35', 'awd272'),
	('wr36', 'awd273'),
	('wr37', 'awd274'),
	('wr38', 'awd275'),
	('wr39', 'awd276');
